{
    "$schema": "https://schemas.kicad.org/erc.v1.json",
    "coordinate_units": "mils",
    "date": "2026-01-10T23:40:31-0500",
    "kicad_version": "9.0.7",
    "sheets": [
        {
            "path": "/",
            "uuid_path": "/b4ee80b5-9d9a-4551-9b0c-6a8cb8d78ca3",
            "violations": [
                {
                    "description": "Symbol 'Conn_01x24' doesn't match copy in library 'Connector_Generic'",
                    "items": [
                        {
                            "description": "Symbol J3 [Conn_01x24]",
                            "pos": {
                                "x": 59.5,
                                "y": 62.5
                            },
                            "uuid": "a0e2aa1c-04f1-4d81-8b04-f634d4141b70"
                        }
                    ],
                    "severity": "warning",
                    "type": "lib_symbol_mismatch"
                },
                {
                    "description": "The current configuration does not include the footprint library 'TPA3116D2DADR'.",
                    "items": [
                        {
                            "description": "Symbol U17 [TPA3116D2DADR]",
                            "pos": {
                                "x": 77.0,
                                "y": 32.5
                            },
                            "uuid": "f7cc599e-e72a-4447-b7a1-a8c5e4cc8ee6"
                        }
                    ],
                    "severity": "warning",
                    "type": "footprint_link_issues"
                },
                {
                    "description": "The current configuration does not include the footprint library 'AP2112K-3.3TRG1'.",
                    "items": [
                        {
                            "description": "Symbol U36 [AP2112K-3.3TRG1]",
                            "pos": {
                                "x": 23.5,
                                "y": 21.5
                            },
                            "uuid": "88245627-126c-4129-98a8-575ed84f3b38"
                        }
                    ],
                    "severity": "warning",
                    "type": "footprint_link_issues"
                }
            ]
        },
        {
            "path": "/PCB_Power/",
            "uuid_path": "/b4ee80b5-9d9a-4551-9b0c-6a8cb8d78ca3/5fdf442d-1d90-478f-8797-cd1e7de5f87e",
            "violations": [
                {
                    "description": "Pins of type Power output and Power output are connected",
                    "items": [
                        {
                            "description": "Symbol #FLG03 Pin 1 [Power output, Line]",
                            "pos": {
                                "x": 22.5,
                                "y": 12.5
                            },
                            "uuid": "9e81a6b6-dd57-486a-98c5-12dd8578431c"
                        },
                        {
                            "description": "Symbol U1 Pin 2 [VO, Power output, Line]",
                            "pos": {
                                "x": 18.5,
                                "y": 12.5
                            },
                            "uuid": "60b1008c-9b1b-420f-a9c7-2f1e8ce4c657"
                        }
                    ],
                    "severity": "error",
                    "type": "pin_to_pin"
                }
            ]
        },
        {
            "path": "/PCB_Control/",
            "uuid_path": "/b4ee80b5-9d9a-4551-9b0c-6a8cb8d78ca3/b62903f4-3152-49f4-b9de-0aa5889c0444",
            "violations": []
        },
        {
            "path": "/Hub_Main/",
            "uuid_path": "/b4ee80b5-9d9a-4551-9b0c-6a8cb8d78ca3/ff66f788-06df-4fa5-89ad-7a9539b69b02",
            "violations": []
        },
        {
            "path": "/Breakout_1/",
            "uuid_path": "/b4ee80b5-9d9a-4551-9b0c-6a8cb8d78ca3/53a31f69-3ae8-42c4-b16b-bf4423ba2408",
            "violations": []
        },
        {
            "path": "/Breakout_2/",
            "uuid_path": "/b4ee80b5-9d9a-4551-9b0c-6a8cb8d78ca3/a283a138-17fa-468a-9410-2c24c1f3e11b",
            "violations": []
        },
        {
            "path": "/Breakout_3/",
            "uuid_path": "/b4ee80b5-9d9a-4551-9b0c-6a8cb8d78ca3/5b6bff76-1c00-4ff8-b189-bd0a46683e6a",
            "violations": []
        },
        {
            "path": "/Breakout_4/",
            "uuid_path": "/b4ee80b5-9d9a-4551-9b0c-6a8cb8d78ca3/b49b60b2-4846-4243-abe7-f73c4650f1e7",
            "violations": []
        },
        {
            "path": "/Breakout_5/",
            "uuid_path": "/b4ee80b5-9d9a-4551-9b0c-6a8cb8d78ca3/1f359754-8963-4278-b0fc-0e057045f0f0",
            "violations": []
        },
        {
            "path": "/Breakout_6/",
            "uuid_path": "/b4ee80b5-9d9a-4551-9b0c-6a8cb8d78ca3/89a51368-2ba7-4a3f-afe3-5d1fde30878e",
            "violations": []
        },
        {
            "path": "/Hub_Main/Hub_Mic_Module_1/",
            "uuid_path": "/b4ee80b5-9d9a-4551-9b0c-6a8cb8d78ca3/ff66f788-06df-4fa5-89ad-7a9539b69b02/e9f22984-330c-410d-9c8a-778be080e49d",
            "violations": []
        },
        {
            "path": "/Hub_Main/Hub_Mic_Module_2/",
            "uuid_path": "/b4ee80b5-9d9a-4551-9b0c-6a8cb8d78ca3/ff66f788-06df-4fa5-89ad-7a9539b69b02/a06cf9bb-2ae0-4081-99cc-d8b6234c3557",
            "violations": []
        },
        {
            "path": "/Hub_Main/Hub_Mic_Module_3/",
            "uuid_path": "/b4ee80b5-9d9a-4551-9b0c-6a8cb8d78ca3/ff66f788-06df-4fa5-89ad-7a9539b69b02/4ec81307-e110-499c-8742-d662ba3b7e0b",
            "violations": []
        },
        {
            "path": "/Hub_Main/Hub_Mic_Module_4/",
            "uuid_path": "/b4ee80b5-9d9a-4551-9b0c-6a8cb8d78ca3/ff66f788-06df-4fa5-89ad-7a9539b69b02/9b23b194-3f15-4ab8-af8d-e9f0a2683966",
            "violations": []
        },
        {
            "path": "/PCB_Control/Amp_Control_Module_12/",
            "uuid_path": "/b4ee80b5-9d9a-4551-9b0c-6a8cb8d78ca3/b62903f4-3152-49f4-b9de-0aa5889c0444/6314a5cf-bf2d-4576-a1e1-7279af9f34de",
            "violations": [
                {
                    "description": "Input Power pin not driven by any Output Power pins",
                    "items": [
                        {
                            "description": "Symbol U16 Pin 3 [CPGND, Power input, Line]",
                            "pos": {
                                "x": 25.5,
                                "y": 39.5
                            },
                            "uuid": "f2c074f3-dc6b-45a3-bea6-014b1e3ca128"
                        }
                    ],
                    "severity": "error",
                    "type": "power_pin_not_driven"
                },
                {
                    "description": "Input Power pin not driven by any Output Power pins",
                    "items": [
                        {
                            "description": "Symbol U16 Pin 19 [DGND, Power input, Line]",
                            "pos": {
                                "x": 26.5,
                                "y": 39.5
                            },
                            "uuid": "c550ec01-56af-42d7-bee2-485d3299544e"
                        }
                    ],
                    "severity": "error",
                    "type": "power_pin_not_driven"
                },
                {
                    "description": "Input Power pin not driven by any Output Power pins",
                    "items": [
                        {
                            "description": "Symbol U16 Pin 9 [AGND, Power input, Line]",
                            "pos": {
                                "x": 27.5,
                                "y": 39.5
                            },
                            "uuid": "2e52ab84-590f-4f06-9297-e3efe0212637"
                        }
                    ],
                    "severity": "error",
                    "type": "power_pin_not_driven"
                },
                {
                    "description": "Input Power pin not driven by any Output Power pins",
                    "items": [
                        {
                            "description": "Symbol U17 Pin 17 [AVCC, Power input, Line]",
                            "pos": {
                                "x": 84.0,
                                "y": 18.5
                            },
                            "uuid": "7e452524-d748-4b16-8e66-ceda65f5f9cb"
                        }
                    ],
                    "severity": "error",
                    "type": "power_pin_not_driven"
                }
            ]
        },
        {
            "path": "/PCB_Control/Amp_Control_Module_34/",
            "uuid_path": "/b4ee80b5-9d9a-4551-9b0c-6a8cb8d78ca3/b62903f4-3152-49f4-b9de-0aa5889c0444/af111e29-574a-4dbb-a483-18a64e33eb3a",
            "violations": [
                {
                    "description": "Input Power pin not driven by any Output Power pins",
                    "items": [
                        {
                            "description": "Symbol U16 Pin 3 [CPGND, Power input, Line]",
                            "pos": {
                                "x": 25.5,
                                "y": 39.5
                            },
                            "uuid": "f2c074f3-dc6b-45a3-bea6-014b1e3ca128"
                        }
                    ],
                    "severity": "error",
                    "type": "power_pin_not_driven"
                },
                {
                    "description": "Input Power pin not driven by any Output Power pins",
                    "items": [
                        {
                            "description": "Symbol U16 Pin 19 [DGND, Power input, Line]",
                            "pos": {
                                "x": 26.5,
                                "y": 39.5
                            },
                            "uuid": "c550ec01-56af-42d7-bee2-485d3299544e"
                        }
                    ],
                    "severity": "error",
                    "type": "power_pin_not_driven"
                },
                {
                    "description": "Input Power pin not driven by any Output Power pins",
                    "items": [
                        {
                            "description": "Symbol U16 Pin 9 [AGND, Power input, Line]",
                            "pos": {
                                "x": 27.5,
                                "y": 39.5
                            },
                            "uuid": "2e52ab84-590f-4f06-9297-e3efe0212637"
                        }
                    ],
                    "severity": "error",
                    "type": "power_pin_not_driven"
                },
                {
                    "description": "Input Power pin not driven by any Output Power pins",
                    "items": [
                        {
                            "description": "Symbol U17 Pin 17 [AVCC, Power input, Line]",
                            "pos": {
                                "x": 84.0,
                                "y": 18.5
                            },
                            "uuid": "7e452524-d748-4b16-8e66-ceda65f5f9cb"
                        }
                    ],
                    "severity": "error",
                    "type": "power_pin_not_driven"
                }
            ]
        },
        {
            "path": "/PCB_Control/Amp_Control_Module_56/",
            "uuid_path": "/b4ee80b5-9d9a-4551-9b0c-6a8cb8d78ca3/b62903f4-3152-49f4-b9de-0aa5889c0444/e81e064b-2a89-4b99-bcee-d530595aac2e",
            "violations": [
                {
                    "description": "Input Power pin not driven by any Output Power pins",
                    "items": [
                        {
                            "description": "Symbol U16 Pin 3 [CPGND, Power input, Line]",
                            "pos": {
                                "x": 25.5,
                                "y": 39.5
                            },
                            "uuid": "f2c074f3-dc6b-45a3-bea6-014b1e3ca128"
                        }
                    ],
                    "severity": "error",
                    "type": "power_pin_not_driven"
                },
                {
                    "description": "Input Power pin not driven by any Output Power pins",
                    "items": [
                        {
                            "description": "Symbol U16 Pin 19 [DGND, Power input, Line]",
                            "pos": {
                                "x": 26.5,
                                "y": 39.5
                            },
                            "uuid": "c550ec01-56af-42d7-bee2-485d3299544e"
                        }
                    ],
                    "severity": "error",
                    "type": "power_pin_not_driven"
                },
                {
                    "description": "Input Power pin not driven by any Output Power pins",
                    "items": [
                        {
                            "description": "Symbol U16 Pin 9 [AGND, Power input, Line]",
                            "pos": {
                                "x": 27.5,
                                "y": 39.5
                            },
                            "uuid": "2e52ab84-590f-4f06-9297-e3efe0212637"
                        }
                    ],
                    "severity": "error",
                    "type": "power_pin_not_driven"
                },
                {
                    "description": "Input Power pin not driven by any Output Power pins",
                    "items": [
                        {
                            "description": "Symbol U17 Pin 17 [AVCC, Power input, Line]",
                            "pos": {
                                "x": 84.0,
                                "y": 18.5
                            },
                            "uuid": "7e452524-d748-4b16-8e66-ceda65f5f9cb"
                        }
                    ],
                    "severity": "error",
                    "type": "power_pin_not_driven"
                }
            ]
        },
        {
            "path": "/PCB_Control/Amp_Control_Module_78/",
            "uuid_path": "/b4ee80b5-9d9a-4551-9b0c-6a8cb8d78ca3/b62903f4-3152-49f4-b9de-0aa5889c0444/d94e93f5-11ca-4f85-ab8f-b04cde8a0c0c",
            "violations": [
                {
                    "description": "Input Power pin not driven by any Output Power pins",
                    "items": [
                        {
                            "description": "Symbol U16 Pin 3 [CPGND, Power input, Line]",
                            "pos": {
                                "x": 25.5,
                                "y": 39.5
                            },
                            "uuid": "f2c074f3-dc6b-45a3-bea6-014b1e3ca128"
                        }
                    ],
                    "severity": "error",
                    "type": "power_pin_not_driven"
                },
                {
                    "description": "Input Power pin not driven by any Output Power pins",
                    "items": [
                        {
                            "description": "Symbol U16 Pin 19 [DGND, Power input, Line]",
                            "pos": {
                                "x": 26.5,
                                "y": 39.5
                            },
                            "uuid": "c550ec01-56af-42d7-bee2-485d3299544e"
                        }
                    ],
                    "severity": "error",
                    "type": "power_pin_not_driven"
                },
                {
                    "description": "Input Power pin not driven by any Output Power pins",
                    "items": [
                        {
                            "description": "Symbol U16 Pin 9 [AGND, Power input, Line]",
                            "pos": {
                                "x": 27.5,
                                "y": 39.5
                            },
                            "uuid": "2e52ab84-590f-4f06-9297-e3efe0212637"
                        }
                    ],
                    "severity": "error",
                    "type": "power_pin_not_driven"
                },
                {
                    "description": "Input Power pin not driven by any Output Power pins",
                    "items": [
                        {
                            "description": "Symbol U17 Pin 17 [AVCC, Power input, Line]",
                            "pos": {
                                "x": 84.0,
                                "y": 18.5
                            },
                            "uuid": "7e452524-d748-4b16-8e66-ceda65f5f9cb"
                        }
                    ],
                    "severity": "error",
                    "type": "power_pin_not_driven"
                }
            ]
        },
        {
            "path": "/Breakout_1/Breakout_Power/",
            "uuid_path": "/b4ee80b5-9d9a-4551-9b0c-6a8cb8d78ca3/53a31f69-3ae8-42c4-b16b-bf4423ba2408/09f4d9e7-7b98-4823-896d-27be6c165bee",
            "violations": [
                {
                    "description": "Pins of type Power output and Power output are connected",
                    "items": [
                        {
                            "description": "Symbol #FLG026 Pin 1 [Power output, Line]",
                            "pos": {
                                "x": 16.5,
                                "y": 22.5
                            },
                            "uuid": "cf6360ba-28dc-4d2c-880a-3acc1b633e44"
                        },
                        {
                            "description": "Symbol #FLG026 Pin 1 [Power output, Line]",
                            "pos": {
                                "x": 16.5,
                                "y": 22.5
                            },
                            "uuid": "cf6360ba-28dc-4d2c-880a-3acc1b633e44"
                        }
                    ],
                    "severity": "error",
                    "type": "pin_to_pin"
                },
                {
                    "description": "Pins of type Power output and Power output are connected",
                    "items": [
                        {
                            "description": "Symbol #FLG013 Pin 1 [Power output, Line]",
                            "pos": {
                                "x": 32.0,
                                "y": 19.5
                            },
                            "uuid": "11d6b46e-168e-4887-bce4-05ab4d791521"
                        },
                        {
                            "description": "Symbol #FLG013 Pin 1 [Power output, Line]",
                            "pos": {
                                "x": 32.0,
                                "y": 19.5
                            },
                            "uuid": "11d6b46e-168e-4887-bce4-05ab4d791521"
                        }
                    ],
                    "severity": "error",
                    "type": "pin_to_pin"
                },
                {
                    "description": "Pins of type Power output and Power output are connected",
                    "items": [
                        {
                            "description": "Symbol U37 Pin 5 [VOUT, Power output, Line]",
                            "pos": {
                                "x": 49.0,
                                "y": 19.5
                            },
                            "uuid": "342b9a8d-0aba-4855-9e19-a8fc34a6b6ed"
                        },
                        {
                            "description": "Symbol U37 Pin 5 [VOUT, Power output, Line]",
                            "pos": {
                                "x": 49.0,
                                "y": 19.5
                            },
                            "uuid": "342b9a8d-0aba-4855-9e19-a8fc34a6b6ed"
                        }
                    ],
                    "severity": "error",
                    "type": "pin_to_pin"
                },
                {
                    "description": "Pins of type Power output and Power output are connected",
                    "items": [
                        {
                            "description": "Symbol #FLG019 Pin 1 [Power output, Line]",
                            "pos": {
                                "x": 52.5,
                                "y": 19.5
                            },
                            "uuid": "468ea764-086a-4573-ac5b-29cd3a4e6ea6"
                        },
                        {
                            "description": "Symbol U37 Pin 5 [VOUT, Power output, Line]",
                            "pos": {
                                "x": 49.0,
                                "y": 19.5
                            },
                            "uuid": "342b9a8d-0aba-4855-9e19-a8fc34a6b6ed"
                        }
                    ],
                    "severity": "error",
                    "type": "pin_to_pin"
                }
            ]
        },
        {
            "path": "/Breakout_1/Breakout_Hub/",
            "uuid_path": "/b4ee80b5-9d9a-4551-9b0c-6a8cb8d78ca3/53a31f69-3ae8-42c4-b16b-bf4423ba2408/c37e8d3e-fbc2-4d58-ade5-5f1053f7602e",
            "violations": [
                {
                    "description": "Pins of type Power output and Power output are connected",
                    "items": [
                        {
                            "description": "Symbol #FLG09 Pin 1 [Power output, Line]",
                            "pos": {
                                "x": 32.5,
                                "y": 38.5
                            },
                            "uuid": "1f89ba57-387a-459b-ba4d-1d7db5101594"
                        },
                        {
                            "description": "Symbol #FLG09 Pin 1 [Power output, Line]",
                            "pos": {
                                "x": 32.5,
                                "y": 38.5
                            },
                            "uuid": "1f89ba57-387a-459b-ba4d-1d7db5101594"
                        }
                    ],
                    "severity": "error",
                    "type": "pin_to_pin"
                }
            ]
        },
        {
            "path": "/Breakout_1/Breakout_Control/",
            "uuid_path": "/b4ee80b5-9d9a-4551-9b0c-6a8cb8d78ca3/53a31f69-3ae8-42c4-b16b-bf4423ba2408/d1385823-971f-4925-a1fc-af367dd7f436",
            "violations": []
        },
        {
            "path": "/PCB_Control/PCB_Fan/",
            "uuid_path": "/b4ee80b5-9d9a-4551-9b0c-6a8cb8d78ca3/b62903f4-3152-49f4-b9de-0aa5889c0444/4119e1ed-2a33-4c12-8542-d9372731c1d0",
            "violations": []
        },
        {
            "path": "/Breakout_4/Breakout_Control/",
            "uuid_path": "/b4ee80b5-9d9a-4551-9b0c-6a8cb8d78ca3/b49b60b2-4846-4243-abe7-f73c4650f1e7/d1385823-971f-4925-a1fc-af367dd7f436",
            "violations": []
        },
        {
            "path": "/Breakout_4/Breakout_Power/",
            "uuid_path": "/b4ee80b5-9d9a-4551-9b0c-6a8cb8d78ca3/b49b60b2-4846-4243-abe7-f73c4650f1e7/09f4d9e7-7b98-4823-896d-27be6c165bee",
            "violations": [
                {
                    "description": "Pins of type Power output and Power output are connected",
                    "items": [
                        {
                            "description": "Symbol #FLG026 Pin 1 [Power output, Line]",
                            "pos": {
                                "x": 16.5,
                                "y": 22.5
                            },
                            "uuid": "cf6360ba-28dc-4d2c-880a-3acc1b633e44"
                        },
                        {
                            "description": "Symbol #FLG026 Pin 1 [Power output, Line]",
                            "pos": {
                                "x": 16.5,
                                "y": 22.5
                            },
                            "uuid": "cf6360ba-28dc-4d2c-880a-3acc1b633e44"
                        }
                    ],
                    "severity": "error",
                    "type": "pin_to_pin"
                },
                {
                    "description": "Pins of type Power output and Power output are connected",
                    "items": [
                        {
                            "description": "Symbol #FLG013 Pin 1 [Power output, Line]",
                            "pos": {
                                "x": 32.0,
                                "y": 19.5
                            },
                            "uuid": "11d6b46e-168e-4887-bce4-05ab4d791521"
                        },
                        {
                            "description": "Symbol #FLG013 Pin 1 [Power output, Line]",
                            "pos": {
                                "x": 32.0,
                                "y": 19.5
                            },
                            "uuid": "11d6b46e-168e-4887-bce4-05ab4d791521"
                        }
                    ],
                    "severity": "error",
                    "type": "pin_to_pin"
                },
                {
                    "description": "Pins of type Power output and Power output are connected",
                    "items": [
                        {
                            "description": "Symbol U37 Pin 5 [VOUT, Power output, Line]",
                            "pos": {
                                "x": 49.0,
                                "y": 19.5
                            },
                            "uuid": "342b9a8d-0aba-4855-9e19-a8fc34a6b6ed"
                        },
                        {
                            "description": "Symbol U37 Pin 5 [VOUT, Power output, Line]",
                            "pos": {
                                "x": 49.0,
                                "y": 19.5
                            },
                            "uuid": "342b9a8d-0aba-4855-9e19-a8fc34a6b6ed"
                        }
                    ],
                    "severity": "error",
                    "type": "pin_to_pin"
                },
                {
                    "description": "Pins of type Power output and Power output are connected",
                    "items": [
                        {
                            "description": "Symbol #FLG019 Pin 1 [Power output, Line]",
                            "pos": {
                                "x": 52.5,
                                "y": 19.5
                            },
                            "uuid": "468ea764-086a-4573-ac5b-29cd3a4e6ea6"
                        },
                        {
                            "description": "Symbol U37 Pin 5 [VOUT, Power output, Line]",
                            "pos": {
                                "x": 49.0,
                                "y": 19.5
                            },
                            "uuid": "342b9a8d-0aba-4855-9e19-a8fc34a6b6ed"
                        }
                    ],
                    "severity": "error",
                    "type": "pin_to_pin"
                }
            ]
        },
        {
            "path": "/Breakout_4/Breakout_Hub/",
            "uuid_path": "/b4ee80b5-9d9a-4551-9b0c-6a8cb8d78ca3/b49b60b2-4846-4243-abe7-f73c4650f1e7/c37e8d3e-fbc2-4d58-ade5-5f1053f7602e",
            "violations": [
                {
                    "description": "Pins of type Power output and Power output are connected",
                    "items": [
                        {
                            "description": "Symbol #FLG09 Pin 1 [Power output, Line]",
                            "pos": {
                                "x": 32.5,
                                "y": 38.5
                            },
                            "uuid": "1f89ba57-387a-459b-ba4d-1d7db5101594"
                        },
                        {
                            "description": "Symbol #FLG09 Pin 1 [Power output, Line]",
                            "pos": {
                                "x": 32.5,
                                "y": 38.5
                            },
                            "uuid": "1f89ba57-387a-459b-ba4d-1d7db5101594"
                        }
                    ],
                    "severity": "error",
                    "type": "pin_to_pin"
                }
            ]
        },
        {
            "path": "/Breakout_2/Breakout_Control/",
            "uuid_path": "/b4ee80b5-9d9a-4551-9b0c-6a8cb8d78ca3/a283a138-17fa-468a-9410-2c24c1f3e11b/d1385823-971f-4925-a1fc-af367dd7f436",
            "violations": []
        },
        {
            "path": "/Breakout_2/Breakout_Power/",
            "uuid_path": "/b4ee80b5-9d9a-4551-9b0c-6a8cb8d78ca3/a283a138-17fa-468a-9410-2c24c1f3e11b/09f4d9e7-7b98-4823-896d-27be6c165bee",
            "violations": [
                {
                    "description": "Pins of type Power output and Power output are connected",
                    "items": [
                        {
                            "description": "Symbol #FLG026 Pin 1 [Power output, Line]",
                            "pos": {
                                "x": 16.5,
                                "y": 22.5
                            },
                            "uuid": "cf6360ba-28dc-4d2c-880a-3acc1b633e44"
                        },
                        {
                            "description": "Symbol #FLG026 Pin 1 [Power output, Line]",
                            "pos": {
                                "x": 16.5,
                                "y": 22.5
                            },
                            "uuid": "cf6360ba-28dc-4d2c-880a-3acc1b633e44"
                        }
                    ],
                    "severity": "error",
                    "type": "pin_to_pin"
                },
                {
                    "description": "Pins of type Power output and Power output are connected",
                    "items": [
                        {
                            "description": "Symbol #FLG013 Pin 1 [Power output, Line]",
                            "pos": {
                                "x": 32.0,
                                "y": 19.5
                            },
                            "uuid": "11d6b46e-168e-4887-bce4-05ab4d791521"
                        },
                        {
                            "description": "Symbol #FLG013 Pin 1 [Power output, Line]",
                            "pos": {
                                "x": 32.0,
                                "y": 19.5
                            },
                            "uuid": "11d6b46e-168e-4887-bce4-05ab4d791521"
                        }
                    ],
                    "severity": "error",
                    "type": "pin_to_pin"
                },
                {
                    "description": "Pins of type Power output and Power output are connected",
                    "items": [
                        {
                            "description": "Symbol U37 Pin 5 [VOUT, Power output, Line]",
                            "pos": {
                                "x": 49.0,
                                "y": 19.5
                            },
                            "uuid": "342b9a8d-0aba-4855-9e19-a8fc34a6b6ed"
                        },
                        {
                            "description": "Symbol U37 Pin 5 [VOUT, Power output, Line]",
                            "pos": {
                                "x": 49.0,
                                "y": 19.5
                            },
                            "uuid": "342b9a8d-0aba-4855-9e19-a8fc34a6b6ed"
                        }
                    ],
                    "severity": "error",
                    "type": "pin_to_pin"
                },
                {
                    "description": "Pins of type Power output and Power output are connected",
                    "items": [
                        {
                            "description": "Symbol #FLG019 Pin 1 [Power output, Line]",
                            "pos": {
                                "x": 52.5,
                                "y": 19.5
                            },
                            "uuid": "468ea764-086a-4573-ac5b-29cd3a4e6ea6"
                        },
                        {
                            "description": "Symbol U37 Pin 5 [VOUT, Power output, Line]",
                            "pos": {
                                "x": 49.0,
                                "y": 19.5
                            },
                            "uuid": "342b9a8d-0aba-4855-9e19-a8fc34a6b6ed"
                        }
                    ],
                    "severity": "error",
                    "type": "pin_to_pin"
                }
            ]
        },
        {
            "path": "/Breakout_2/Breakout_Hub/",
            "uuid_path": "/b4ee80b5-9d9a-4551-9b0c-6a8cb8d78ca3/a283a138-17fa-468a-9410-2c24c1f3e11b/c37e8d3e-fbc2-4d58-ade5-5f1053f7602e",
            "violations": [
                {
                    "description": "Pins of type Power output and Power output are connected",
                    "items": [
                        {
                            "description": "Symbol #FLG09 Pin 1 [Power output, Line]",
                            "pos": {
                                "x": 32.5,
                                "y": 38.5
                            },
                            "uuid": "1f89ba57-387a-459b-ba4d-1d7db5101594"
                        },
                        {
                            "description": "Symbol #FLG09 Pin 1 [Power output, Line]",
                            "pos": {
                                "x": 32.5,
                                "y": 38.5
                            },
                            "uuid": "1f89ba57-387a-459b-ba4d-1d7db5101594"
                        }
                    ],
                    "severity": "error",
                    "type": "pin_to_pin"
                }
            ]
        },
        {
            "path": "/Breakout_5/Breakout_Control/",
            "uuid_path": "/b4ee80b5-9d9a-4551-9b0c-6a8cb8d78ca3/1f359754-8963-4278-b0fc-0e057045f0f0/d1385823-971f-4925-a1fc-af367dd7f436",
            "violations": []
        },
        {
            "path": "/Breakout_5/Breakout_Power/",
            "uuid_path": "/b4ee80b5-9d9a-4551-9b0c-6a8cb8d78ca3/1f359754-8963-4278-b0fc-0e057045f0f0/09f4d9e7-7b98-4823-896d-27be6c165bee",
            "violations": [
                {
                    "description": "Pins of type Power output and Power output are connected",
                    "items": [
                        {
                            "description": "Symbol #FLG026 Pin 1 [Power output, Line]",
                            "pos": {
                                "x": 16.5,
                                "y": 22.5
                            },
                            "uuid": "cf6360ba-28dc-4d2c-880a-3acc1b633e44"
                        },
                        {
                            "description": "Symbol #FLG026 Pin 1 [Power output, Line]",
                            "pos": {
                                "x": 16.5,
                                "y": 22.5
                            },
                            "uuid": "cf6360ba-28dc-4d2c-880a-3acc1b633e44"
                        }
                    ],
                    "severity": "error",
                    "type": "pin_to_pin"
                },
                {
                    "description": "Pins of type Power output and Power output are connected",
                    "items": [
                        {
                            "description": "Symbol #FLG013 Pin 1 [Power output, Line]",
                            "pos": {
                                "x": 32.0,
                                "y": 19.5
                            },
                            "uuid": "11d6b46e-168e-4887-bce4-05ab4d791521"
                        },
                        {
                            "description": "Symbol #FLG013 Pin 1 [Power output, Line]",
                            "pos": {
                                "x": 32.0,
                                "y": 19.5
                            },
                            "uuid": "11d6b46e-168e-4887-bce4-05ab4d791521"
                        }
                    ],
                    "severity": "error",
                    "type": "pin_to_pin"
                },
                {
                    "description": "Pins of type Power output and Power output are connected",
                    "items": [
                        {
                            "description": "Symbol U37 Pin 5 [VOUT, Power output, Line]",
                            "pos": {
                                "x": 49.0,
                                "y": 19.5
                            },
                            "uuid": "342b9a8d-0aba-4855-9e19-a8fc34a6b6ed"
                        },
                        {
                            "description": "Symbol U37 Pin 5 [VOUT, Power output, Line]",
                            "pos": {
                                "x": 49.0,
                                "y": 19.5
                            },
                            "uuid": "342b9a8d-0aba-4855-9e19-a8fc34a6b6ed"
                        }
                    ],
                    "severity": "error",
                    "type": "pin_to_pin"
                },
                {
                    "description": "Pins of type Power output and Power output are connected",
                    "items": [
                        {
                            "description": "Symbol #FLG019 Pin 1 [Power output, Line]",
                            "pos": {
                                "x": 52.5,
                                "y": 19.5
                            },
                            "uuid": "468ea764-086a-4573-ac5b-29cd3a4e6ea6"
                        },
                        {
                            "description": "Symbol U37 Pin 5 [VOUT, Power output, Line]",
                            "pos": {
                                "x": 49.0,
                                "y": 19.5
                            },
                            "uuid": "342b9a8d-0aba-4855-9e19-a8fc34a6b6ed"
                        }
                    ],
                    "severity": "error",
                    "type": "pin_to_pin"
                }
            ]
        },
        {
            "path": "/Breakout_5/Breakout_Hub/",
            "uuid_path": "/b4ee80b5-9d9a-4551-9b0c-6a8cb8d78ca3/1f359754-8963-4278-b0fc-0e057045f0f0/c37e8d3e-fbc2-4d58-ade5-5f1053f7602e",
            "violations": [
                {
                    "description": "Pins of type Power output and Power output are connected",
                    "items": [
                        {
                            "description": "Symbol #FLG09 Pin 1 [Power output, Line]",
                            "pos": {
                                "x": 32.5,
                                "y": 38.5
                            },
                            "uuid": "1f89ba57-387a-459b-ba4d-1d7db5101594"
                        },
                        {
                            "description": "Symbol #FLG09 Pin 1 [Power output, Line]",
                            "pos": {
                                "x": 32.5,
                                "y": 38.5
                            },
                            "uuid": "1f89ba57-387a-459b-ba4d-1d7db5101594"
                        }
                    ],
                    "severity": "error",
                    "type": "pin_to_pin"
                }
            ]
        },
        {
            "path": "/Breakout_3/Breakout_Control/",
            "uuid_path": "/b4ee80b5-9d9a-4551-9b0c-6a8cb8d78ca3/5b6bff76-1c00-4ff8-b189-bd0a46683e6a/d1385823-971f-4925-a1fc-af367dd7f436",
            "violations": []
        },
        {
            "path": "/Breakout_3/Breakout_Power/",
            "uuid_path": "/b4ee80b5-9d9a-4551-9b0c-6a8cb8d78ca3/5b6bff76-1c00-4ff8-b189-bd0a46683e6a/09f4d9e7-7b98-4823-896d-27be6c165bee",
            "violations": [
                {
                    "description": "Pins of type Power output and Power output are connected",
                    "items": [
                        {
                            "description": "Symbol #FLG026 Pin 1 [Power output, Line]",
                            "pos": {
                                "x": 16.5,
                                "y": 22.5
                            },
                            "uuid": "cf6360ba-28dc-4d2c-880a-3acc1b633e44"
                        },
                        {
                            "description": "Symbol #FLG026 Pin 1 [Power output, Line]",
                            "pos": {
                                "x": 16.5,
                                "y": 22.5
                            },
                            "uuid": "cf6360ba-28dc-4d2c-880a-3acc1b633e44"
                        }
                    ],
                    "severity": "error",
                    "type": "pin_to_pin"
                },
                {
                    "description": "Pins of type Power output and Power output are connected",
                    "items": [
                        {
                            "description": "Symbol #FLG013 Pin 1 [Power output, Line]",
                            "pos": {
                                "x": 32.0,
                                "y": 19.5
                            },
                            "uuid": "11d6b46e-168e-4887-bce4-05ab4d791521"
                        },
                        {
                            "description": "Symbol #FLG013 Pin 1 [Power output, Line]",
                            "pos": {
                                "x": 32.0,
                                "y": 19.5
                            },
                            "uuid": "11d6b46e-168e-4887-bce4-05ab4d791521"
                        }
                    ],
                    "severity": "error",
                    "type": "pin_to_pin"
                },
                {
                    "description": "Pins of type Power output and Power output are connected",
                    "items": [
                        {
                            "description": "Symbol U37 Pin 5 [VOUT, Power output, Line]",
                            "pos": {
                                "x": 49.0,
                                "y": 19.5
                            },
                            "uuid": "342b9a8d-0aba-4855-9e19-a8fc34a6b6ed"
                        },
                        {
                            "description": "Symbol U37 Pin 5 [VOUT, Power output, Line]",
                            "pos": {
                                "x": 49.0,
                                "y": 19.5
                            },
                            "uuid": "342b9a8d-0aba-4855-9e19-a8fc34a6b6ed"
                        }
                    ],
                    "severity": "error",
                    "type": "pin_to_pin"
                },
                {
                    "description": "Pins of type Power output and Power output are connected",
                    "items": [
                        {
                            "description": "Symbol #FLG019 Pin 1 [Power output, Line]",
                            "pos": {
                                "x": 52.5,
                                "y": 19.5
                            },
                            "uuid": "468ea764-086a-4573-ac5b-29cd3a4e6ea6"
                        },
                        {
                            "description": "Symbol U37 Pin 5 [VOUT, Power output, Line]",
                            "pos": {
                                "x": 49.0,
                                "y": 19.5
                            },
                            "uuid": "342b9a8d-0aba-4855-9e19-a8fc34a6b6ed"
                        }
                    ],
                    "severity": "error",
                    "type": "pin_to_pin"
                }
            ]
        },
        {
            "path": "/Breakout_3/Breakout_Hub/",
            "uuid_path": "/b4ee80b5-9d9a-4551-9b0c-6a8cb8d78ca3/5b6bff76-1c00-4ff8-b189-bd0a46683e6a/c37e8d3e-fbc2-4d58-ade5-5f1053f7602e",
            "violations": [
                {
                    "description": "Pins of type Power output and Power output are connected",
                    "items": [
                        {
                            "description": "Symbol #FLG09 Pin 1 [Power output, Line]",
                            "pos": {
                                "x": 32.5,
                                "y": 38.5
                            },
                            "uuid": "1f89ba57-387a-459b-ba4d-1d7db5101594"
                        },
                        {
                            "description": "Symbol #FLG09 Pin 1 [Power output, Line]",
                            "pos": {
                                "x": 32.5,
                                "y": 38.5
                            },
                            "uuid": "1f89ba57-387a-459b-ba4d-1d7db5101594"
                        }
                    ],
                    "severity": "error",
                    "type": "pin_to_pin"
                }
            ]
        },
        {
            "path": "/Breakout_6/Breakout_Control/",
            "uuid_path": "/b4ee80b5-9d9a-4551-9b0c-6a8cb8d78ca3/89a51368-2ba7-4a3f-afe3-5d1fde30878e/d1385823-971f-4925-a1fc-af367dd7f436",
            "violations": []
        },
        {
            "path": "/Breakout_6/Breakout_Power/",
            "uuid_path": "/b4ee80b5-9d9a-4551-9b0c-6a8cb8d78ca3/89a51368-2ba7-4a3f-afe3-5d1fde30878e/09f4d9e7-7b98-4823-896d-27be6c165bee",
            "violations": [
                {
                    "description": "Pins of type Power output and Power output are connected",
                    "items": [
                        {
                            "description": "Symbol #FLG019 Pin 1 [Power output, Line]",
                            "pos": {
                                "x": 52.5,
                                "y": 19.5
                            },
                            "uuid": "468ea764-086a-4573-ac5b-29cd3a4e6ea6"
                        },
                        {
                            "description": "Symbol U37 Pin 5 [VOUT, Power output, Line]",
                            "pos": {
                                "x": 49.0,
                                "y": 19.5
                            },
                            "uuid": "342b9a8d-0aba-4855-9e19-a8fc34a6b6ed"
                        }
                    ],
                    "severity": "error",
                    "type": "pin_to_pin"
                }
            ]
        },
        {
            "path": "/Breakout_6/Breakout_Hub/",
            "uuid_path": "/b4ee80b5-9d9a-4551-9b0c-6a8cb8d78ca3/89a51368-2ba7-4a3f-afe3-5d1fde30878e/c37e8d3e-fbc2-4d58-ade5-5f1053f7602e",
            "violations": []
        }
    ],
    "source": "AEC_Speaker_Mic_System.kicad_sch"
}
