{
    "$schema": "https://schemas.kicad.org/erc.v1.json",
    "coordinate_units": "mils",
    "date": "2026-01-13T08:01:46-0500",
    "kicad_version": "9.0.7",
    "sheets": [
        {
            "path": "/",
            "uuid_path": "/b4ee80b5-9d9a-4551-9b0c-6a8cb8d78ca3",
            "violations": [
                {
                    "description": "Assigned footprint (cp_eia-3216-18_kemet-a) doesn't match footprint filters (C_*).",
                    "items": [
                        {
                            "description": "Symbol C1 [C]",
                            "pos": {
                                "x": 12.0,
                                "y": 14.0
                            },
                            "uuid": "6c7cae31-0872-4c4a-b967-4875cec05630"
                        }
                    ],
                    "severity": "warning",
                    "type": "footprint_link_issues"
                },
                {
                    "description": "Assigned footprint (cp_eia-3216-18_kemet-a) doesn't match footprint filters (C_*).",
                    "items": [
                        {
                            "description": "Symbol C2 [C]",
                            "pos": {
                                "x": 19.0,
                                "y": 14.0
                            },
                            "uuid": "eea1809f-1a0f-4832-9584-8f8c0e40d510"
                        }
                    ],
                    "severity": "warning",
                    "type": "footprint_link_issues"
                },
                {
                    "description": "Assigned footprint (f1206_32v_12a) doesn't match footprint filters (*Fuse*).",
                    "items": [
                        {
                            "description": "Symbol F1 [Fuse]",
                            "pos": {
                                "x": 22.0,
                                "y": 31.0
                            },
                            "uuid": "fa3e7c07-5bd4-4006-bed9-64595361a916"
                        }
                    ],
                    "severity": "warning",
                    "type": "footprint_link_issues"
                },
                {
                    "description": "Assigned footprint (diode_smc_l7.1-w6.2-ls8.1-r-rd) doesn't match footprint filters (TO-???* *_Diode_* *SingleDiode* D_*).",
                    "items": [
                        {
                            "description": "Symbol D1 [D_TVS]",
                            "pos": {
                                "x": 12.5,
                                "y": 37.0
                            },
                            "uuid": "589b2bea-57f4-460b-85ca-58ecab0444a5"
                        }
                    ],
                    "severity": "warning",
                    "type": "footprint_link_issues"
                },
                {
                    "description": "Assigned footprint (cap-smd_bd18.0-l19.0-w19.0-fd_eeefk1e472sv) doesn't match footprint filters (C_*).",
                    "items": [
                        {
                            "description": "Symbol C155 [C]",
                            "pos": {
                                "x": 29.0,
                                "y": 37.5
                            },
                            "uuid": "f17f42b3-4bd7-4323-b05a-3d442ec6fe7f"
                        }
                    ],
                    "severity": "warning",
                    "type": "footprint_link_issues"
                },
                {
                    "description": "Assigned footprint (cap-smd_bd18.0-l19.0-w19.0-fd_eeefk1e472sv) doesn't match footprint filters (C_*).",
                    "items": [
                        {
                            "description": "Symbol C154 [C]",
                            "pos": {
                                "x": 35.0,
                                "y": 37.5
                            },
                            "uuid": "84856c46-0c32-4278-a2c1-0fdb19c70311"
                        }
                    ],
                    "severity": "warning",
                    "type": "footprint_link_issues"
                },
                {
                    "description": "Assigned footprint (ind-smd_l10.4-w10.3) doesn't match footprint filters (Choke_* *Coil* Inductor_* L_*).",
                    "items": [
                        {
                            "description": "Symbol L1 [L]",
                            "pos": {
                                "x": 50.0,
                                "y": 15.5
                            },
                            "uuid": "d043b70e-bfce-4628-b1a9-058096384389"
                        }
                    ],
                    "severity": "warning",
                    "type": "footprint_link_issues"
                },
                {
                    "description": "Assigned footprint (hdr-th_24p-p2.54-v-f) doesn't match footprint filters (Connector*:*_1x??_*).",
                    "items": [
                        {
                            "description": "Symbol J3 [Cmod_A7_Left]",
                            "pos": {
                                "x": 48.0,
                                "y": 62.5
                            },
                            "uuid": "18393e1d-e91f-49bb-a295-c3403e939940"
                        }
                    ],
                    "severity": "warning",
                    "type": "footprint_link_issues"
                },
                {
                    "description": "Assigned footprint (hdr-th_24p-p2.54-v-f) doesn't match footprint filters (Connector*:*_1x??_*).",
                    "items": [
                        {
                            "description": "Symbol J29 [Cmod_A7_Right]",
                            "pos": {
                                "x": 59.5,
                                "y": 62.5
                            },
                            "uuid": "df502306-c1c2-4706-814a-a3bc54dce61c"
                        }
                    ],
                    "severity": "warning",
                    "type": "footprint_link_issues"
                },
                {
                    "description": "Assigned footprint (ind-smd_l10.4-w10.3) doesn't match footprint filters (Choke_* *Coil* Inductor_* L_*).",
                    "items": [
                        {
                            "description": "Symbol L6 [L]",
                            "pos": {
                                "x": 54.5,
                                "y": 11.5
                            },
                            "uuid": "e06fd1b9-f9c0-4b8b-b80d-242d15c3b74e"
                        }
                    ],
                    "severity": "warning",
                    "type": "footprint_link_issues"
                },
                {
                    "description": "Assigned footprint (ind-smd_l10.4-w10.3) doesn't match footprint filters (Choke_* *Coil* Inductor_* L_*).",
                    "items": [
                        {
                            "description": "Symbol L7 [L]",
                            "pos": {
                                "x": 54.5,
                                "y": 15.5
                            },
                            "uuid": "6bd0ac22-ffad-4926-a7ab-d5dbc3d45a40"
                        }
                    ],
                    "severity": "warning",
                    "type": "footprint_link_issues"
                },
                {
                    "description": "Assigned footprint (ind-smd_l10.4-w10.3) doesn't match footprint filters (Choke_* *Coil* Inductor_* L_*).",
                    "items": [
                        {
                            "description": "Symbol L8 [L]",
                            "pos": {
                                "x": 54.5,
                                "y": 20.0
                            },
                            "uuid": "3ce5dad0-e6ef-493c-bb4f-e8f2da5ed7ef"
                        }
                    ],
                    "severity": "warning",
                    "type": "footprint_link_issues"
                },
                {
                    "description": "Assigned footprint (ind-smd_l10.4-w10.3) doesn't match footprint filters (Choke_* *Coil* Inductor_* L_*).",
                    "items": [
                        {
                            "description": "Symbol L9 [L]",
                            "pos": {
                                "x": 54.5,
                                "y": 24.0
                            },
                            "uuid": "271be26b-b157-49b6-ad6f-069087d62c65"
                        }
                    ],
                    "severity": "warning",
                    "type": "footprint_link_issues"
                },
                {
                    "description": "Assigned footprint (res-adj-th_3362p) doesn't match footprint filters (Potentiometer*).",
                    "items": [
                        {
                            "description": "Symbol RV1 [R_Potentiometer]",
                            "pos": {
                                "x": 52.5,
                                "y": 41.5
                            },
                            "uuid": "98e54df2-d184-4e9f-aa6f-ee2846f3121a"
                        }
                    ],
                    "severity": "warning",
                    "type": "footprint_link_issues"
                },
                {
                    "description": "Assigned footprint (pinheader_1x03_p2.54mm_vertical_smd_pin1left) doesn't match footprint filters (Connector*:*_1x??-1MP*).",
                    "items": [
                        {
                            "description": "Symbol J19 [Conn_01x03_MountingPin]",
                            "pos": {
                                "x": 39.5,
                                "y": 25.0
                            },
                            "uuid": "976b0c8f-1802-42ca-8616-dc865c5b7109"
                        }
                    ],
                    "severity": "warning",
                    "type": "footprint_link_issues"
                },
                {
                    "description": "Assigned footprint (ind-smd_l10.4-w10.3) doesn't match footprint filters (C_*).",
                    "items": [
                        {
                            "description": "Symbol C148 [C]",
                            "pos": {
                                "x": 47.0,
                                "y": 21.0
                            },
                            "uuid": "3bc2e6ae-ba08-4f41-8cac-b0caaaefb3bc"
                        }
                    ],
                    "severity": "warning",
                    "type": "footprint_link_issues"
                }
            ]
        },
        {
            "path": "/PCB_Power/",
            "uuid_path": "/b4ee80b5-9d9a-4551-9b0c-6a8cb8d78ca3/5fdf442d-1d90-478f-8797-cd1e7de5f87e",
            "violations": []
        },
        {
            "path": "/PCB_Control/",
            "uuid_path": "/b4ee80b5-9d9a-4551-9b0c-6a8cb8d78ca3/b62903f4-3152-49f4-b9de-0aa5889c0444",
            "violations": []
        },
        {
            "path": "/Hub_Main/",
            "uuid_path": "/b4ee80b5-9d9a-4551-9b0c-6a8cb8d78ca3/ff66f788-06df-4fa5-89ad-7a9539b69b02",
            "violations": []
        },
        {
            "path": "/Breakout_1/",
            "uuid_path": "/b4ee80b5-9d9a-4551-9b0c-6a8cb8d78ca3/53a31f69-3ae8-42c4-b16b-bf4423ba2408",
            "violations": []
        },
        {
            "path": "/Breakout_2/",
            "uuid_path": "/b4ee80b5-9d9a-4551-9b0c-6a8cb8d78ca3/a283a138-17fa-468a-9410-2c24c1f3e11b",
            "violations": []
        },
        {
            "path": "/Breakout_3/",
            "uuid_path": "/b4ee80b5-9d9a-4551-9b0c-6a8cb8d78ca3/5b6bff76-1c00-4ff8-b189-bd0a46683e6a",
            "violations": []
        },
        {
            "path": "/Breakout_4/",
            "uuid_path": "/b4ee80b5-9d9a-4551-9b0c-6a8cb8d78ca3/b49b60b2-4846-4243-abe7-f73c4650f1e7",
            "violations": []
        },
        {
            "path": "/Breakout_5/",
            "uuid_path": "/b4ee80b5-9d9a-4551-9b0c-6a8cb8d78ca3/1f359754-8963-4278-b0fc-0e057045f0f0",
            "violations": []
        },
        {
            "path": "/Breakout_6/",
            "uuid_path": "/b4ee80b5-9d9a-4551-9b0c-6a8cb8d78ca3/89a51368-2ba7-4a3f-afe3-5d1fde30878e",
            "violations": []
        },
        {
            "path": "/Hub_Main/Hub_Mic_Module_1/",
            "uuid_path": "/b4ee80b5-9d9a-4551-9b0c-6a8cb8d78ca3/ff66f788-06df-4fa5-89ad-7a9539b69b02/e9f22984-330c-410d-9c8a-778be080e49d",
            "violations": []
        },
        {
            "path": "/Hub_Main/Hub_Mic_Module_2/",
            "uuid_path": "/b4ee80b5-9d9a-4551-9b0c-6a8cb8d78ca3/ff66f788-06df-4fa5-89ad-7a9539b69b02/a06cf9bb-2ae0-4081-99cc-d8b6234c3557",
            "violations": []
        },
        {
            "path": "/Hub_Main/Hub_Mic_Module_3/",
            "uuid_path": "/b4ee80b5-9d9a-4551-9b0c-6a8cb8d78ca3/ff66f788-06df-4fa5-89ad-7a9539b69b02/4ec81307-e110-499c-8742-d662ba3b7e0b",
            "violations": []
        },
        {
            "path": "/Hub_Main/Hub_Mic_Module_4/",
            "uuid_path": "/b4ee80b5-9d9a-4551-9b0c-6a8cb8d78ca3/ff66f788-06df-4fa5-89ad-7a9539b69b02/9b23b194-3f15-4ab8-af8d-e9f0a2683966",
            "violations": []
        },
        {
            "path": "/PCB_Control/Amp_Control_Module_12/",
            "uuid_path": "/b4ee80b5-9d9a-4551-9b0c-6a8cb8d78ca3/b62903f4-3152-49f4-b9de-0aa5889c0444/6314a5cf-bf2d-4576-a1e1-7279af9f34de",
            "violations": []
        },
        {
            "path": "/PCB_Control/Amp_Control_Module_34/",
            "uuid_path": "/b4ee80b5-9d9a-4551-9b0c-6a8cb8d78ca3/b62903f4-3152-49f4-b9de-0aa5889c0444/af111e29-574a-4dbb-a483-18a64e33eb3a",
            "violations": []
        },
        {
            "path": "/PCB_Control/Amp_Control_Module_56/",
            "uuid_path": "/b4ee80b5-9d9a-4551-9b0c-6a8cb8d78ca3/b62903f4-3152-49f4-b9de-0aa5889c0444/e81e064b-2a89-4b99-bcee-d530595aac2e",
            "violations": []
        },
        {
            "path": "/PCB_Control/Amp_Control_Module_78/",
            "uuid_path": "/b4ee80b5-9d9a-4551-9b0c-6a8cb8d78ca3/b62903f4-3152-49f4-b9de-0aa5889c0444/d94e93f5-11ca-4f85-ab8f-b04cde8a0c0c",
            "violations": []
        },
        {
            "path": "/Breakout_1/Breakout_Power/",
            "uuid_path": "/b4ee80b5-9d9a-4551-9b0c-6a8cb8d78ca3/53a31f69-3ae8-42c4-b16b-bf4423ba2408/09f4d9e7-7b98-4823-896d-27be6c165bee",
            "violations": []
        },
        {
            "path": "/Breakout_1/Breakout_Hub/",
            "uuid_path": "/b4ee80b5-9d9a-4551-9b0c-6a8cb8d78ca3/53a31f69-3ae8-42c4-b16b-bf4423ba2408/c37e8d3e-fbc2-4d58-ade5-5f1053f7602e",
            "violations": []
        },
        {
            "path": "/Breakout_1/Breakout_Control/",
            "uuid_path": "/b4ee80b5-9d9a-4551-9b0c-6a8cb8d78ca3/53a31f69-3ae8-42c4-b16b-bf4423ba2408/d1385823-971f-4925-a1fc-af367dd7f436",
            "violations": []
        },
        {
            "path": "/PCB_Control/PCB_Fan/",
            "uuid_path": "/b4ee80b5-9d9a-4551-9b0c-6a8cb8d78ca3/b62903f4-3152-49f4-b9de-0aa5889c0444/4119e1ed-2a33-4c12-8542-d9372731c1d0",
            "violations": []
        },
        {
            "path": "/Breakout_4/Breakout_Control/",
            "uuid_path": "/b4ee80b5-9d9a-4551-9b0c-6a8cb8d78ca3/b49b60b2-4846-4243-abe7-f73c4650f1e7/d1385823-971f-4925-a1fc-af367dd7f436",
            "violations": []
        },
        {
            "path": "/Breakout_4/Breakout_Power/",
            "uuid_path": "/b4ee80b5-9d9a-4551-9b0c-6a8cb8d78ca3/b49b60b2-4846-4243-abe7-f73c4650f1e7/09f4d9e7-7b98-4823-896d-27be6c165bee",
            "violations": []
        },
        {
            "path": "/Breakout_4/Breakout_Hub/",
            "uuid_path": "/b4ee80b5-9d9a-4551-9b0c-6a8cb8d78ca3/b49b60b2-4846-4243-abe7-f73c4650f1e7/c37e8d3e-fbc2-4d58-ade5-5f1053f7602e",
            "violations": []
        },
        {
            "path": "/Breakout_2/Breakout_Control/",
            "uuid_path": "/b4ee80b5-9d9a-4551-9b0c-6a8cb8d78ca3/a283a138-17fa-468a-9410-2c24c1f3e11b/d1385823-971f-4925-a1fc-af367dd7f436",
            "violations": []
        },
        {
            "path": "/Breakout_2/Breakout_Power/",
            "uuid_path": "/b4ee80b5-9d9a-4551-9b0c-6a8cb8d78ca3/a283a138-17fa-468a-9410-2c24c1f3e11b/09f4d9e7-7b98-4823-896d-27be6c165bee",
            "violations": []
        },
        {
            "path": "/Breakout_2/Breakout_Hub/",
            "uuid_path": "/b4ee80b5-9d9a-4551-9b0c-6a8cb8d78ca3/a283a138-17fa-468a-9410-2c24c1f3e11b/c37e8d3e-fbc2-4d58-ade5-5f1053f7602e",
            "violations": []
        },
        {
            "path": "/Breakout_5/Breakout_Control/",
            "uuid_path": "/b4ee80b5-9d9a-4551-9b0c-6a8cb8d78ca3/1f359754-8963-4278-b0fc-0e057045f0f0/d1385823-971f-4925-a1fc-af367dd7f436",
            "violations": []
        },
        {
            "path": "/Breakout_5/Breakout_Power/",
            "uuid_path": "/b4ee80b5-9d9a-4551-9b0c-6a8cb8d78ca3/1f359754-8963-4278-b0fc-0e057045f0f0/09f4d9e7-7b98-4823-896d-27be6c165bee",
            "violations": []
        },
        {
            "path": "/Breakout_5/Breakout_Hub/",
            "uuid_path": "/b4ee80b5-9d9a-4551-9b0c-6a8cb8d78ca3/1f359754-8963-4278-b0fc-0e057045f0f0/c37e8d3e-fbc2-4d58-ade5-5f1053f7602e",
            "violations": []
        },
        {
            "path": "/Breakout_3/Breakout_Control/",
            "uuid_path": "/b4ee80b5-9d9a-4551-9b0c-6a8cb8d78ca3/5b6bff76-1c00-4ff8-b189-bd0a46683e6a/d1385823-971f-4925-a1fc-af367dd7f436",
            "violations": []
        },
        {
            "path": "/Breakout_3/Breakout_Power/",
            "uuid_path": "/b4ee80b5-9d9a-4551-9b0c-6a8cb8d78ca3/5b6bff76-1c00-4ff8-b189-bd0a46683e6a/09f4d9e7-7b98-4823-896d-27be6c165bee",
            "violations": []
        },
        {
            "path": "/Breakout_3/Breakout_Hub/",
            "uuid_path": "/b4ee80b5-9d9a-4551-9b0c-6a8cb8d78ca3/5b6bff76-1c00-4ff8-b189-bd0a46683e6a/c37e8d3e-fbc2-4d58-ade5-5f1053f7602e",
            "violations": []
        },
        {
            "path": "/Breakout_6/Breakout_Control/",
            "uuid_path": "/b4ee80b5-9d9a-4551-9b0c-6a8cb8d78ca3/89a51368-2ba7-4a3f-afe3-5d1fde30878e/d1385823-971f-4925-a1fc-af367dd7f436",
            "violations": []
        },
        {
            "path": "/Breakout_6/Breakout_Power/",
            "uuid_path": "/b4ee80b5-9d9a-4551-9b0c-6a8cb8d78ca3/89a51368-2ba7-4a3f-afe3-5d1fde30878e/09f4d9e7-7b98-4823-896d-27be6c165bee",
            "violations": []
        },
        {
            "path": "/Breakout_6/Breakout_Hub/",
            "uuid_path": "/b4ee80b5-9d9a-4551-9b0c-6a8cb8d78ca3/89a51368-2ba7-4a3f-afe3-5d1fde30878e/c37e8d3e-fbc2-4d58-ade5-5f1053f7602e",
            "violations": []
        }
    ],
    "source": "AEC_Speaker_Mic_System.kicad_sch"
}
